epoch,time,train/box_loss,train/cls_loss,train/dfl_loss,metrics/precision(B),metrics/recall(B),metrics/mAP50(B),metrics/mAP50-95(B),val/box_loss,val/cls_loss,val/dfl_loss,lr/pg0,lr/pg1,lr/pg2
1,72.5693,0,62.3479,0,0,0,0,0,0,72.8501,0,0.000472805,0.000472805,0.000472805
2,134.446,0,37.3796,0,0,0,0,0,0,39.4137,0,0.000917817,0.000917817,0.000917817
3,209.617,0,16.9477,0,0,0,0,0,0,7.26526,0,0.00133139,0.00133139,0.00133139
4,283.104,0,5.77351,0,0,0,0,0,0,4.32438,0,0.00128753,0.00128753,0.00128753
5,356.285,0,1.32533,0,0,0,0,0,0,0.56077,0,0.00124037,0.00124037,0.00124037
6,428.759,0,0.26673,0,0,0,0,0,0,0.09871,0,0.00119322,0.00119322,0.00119322
